Invoice Number,Current Date,Current Amount,New Amount (Fill This)
RI-1687,2022-12-15,34,
RI-1691,2022-12-15,42,
RI-1692,2022-12-15,136,
RI-1720,2023-01-15,1000,
RI-1716,2023-01-15,1000,
RI-1717,2023-01-15,1000,
RI-1710,2023-01-15,1000,
RI-1711,2023-01-15,1000,
RI-1712,2023-01-15,1000,
RI-1713,2023-01-15,1000,
RI-1714,2023-01-15,1000,
RI-1715,2023-01-15,1000,
RI-1719,2023-01-15,1000,
RI-1718,2023-01-15,1000,
RI-1709,2023-01-15,1000,
RI-1694,2023-02-15,68,
RI-1695,2023-02-15,51,
RI-1700,2023-04-15,170,
RI-1702,2023-05-15,17,
RI-1704,2023-05-15,3,
RI-1703,2023-05-15,1,
RI-1705,2023-06-15,51,
RI-1707,2023-07-15,1000,
RI-1706,2023-07-15,1000,
RI-1708,2023-07-15,1000,
RI-1722,2023-12-15,1000,
RI-1721,2023-12-15,1000,
RI-1744,2024-01-15,1000,
RI-1745,2024-01-15,1000,
RI-1726,2024-01-15,1000,
RI-1725,2024-01-15,1000,
RI-1724,2024-01-15,1000,
RI-1740,2024-01-15,1000,
RI-1741,2024-01-15,1000,
RI-1729,2024-01-15,1000,
RI-1730,2024-01-15,1000,
RI-1737,2024-01-15,1000,
RI-1738,2024-01-15,1000,
RI-1739,2024-01-15,1000,
RI-1728,2024-02-15,1000,
RI-1727,2024-02-15,1000,
RI-1733,2024-05-15,1000,
RI-1731,2024-05-15,1000,
RI-1732,2024-05-15,1000,
RI-1734,2024-06-15,1000,
RI-1736,2024-07-15,1000,
RI-1735,2024-07-15,1000,
RI-1747,2024-12-15,1000,
RI-1746,2024-12-15,1000,
RI-1748,2025-01-15,1000,
RI-1749,2025-01-15,1000,
RI-1750,2025-01-15,1000,
RI-1751,2025-02-15,1000,
RI-1752,2025-03-15,1000,
RI-1753,2025-04-15,1000,
RI-1756,2025-04-15,1000,
RI-1755,2025-04-15,1000,
RI-1754,2025-04-15,1000,
RI-1760,2025-05-15,1000,
RI-1763,2025-06-15,1000,
RI-1764,2025-06-15,1000,
RI-1762,2025-06-15,1000,
RI-1761,2025-06-15,1000,
RI-1772,2025-07-15,1000,
RI-1766,2025-07-15,1000,
RI-1770,2025-07-15,1000,
RI-1769,2025-07-15,1000,
RI-1768,2025-07-15,1000,
RI-1767,2025-07-15,1000,
RI-1773,2025-07-15,1000,
RI-1765,2025-07-15,1000,
RI-1775,2025-08-15,1000,
RI-1774,2025-08-15,1000,
RI-1776,2025-08-15,1000,
RI-1777,2025-09-15,1000,
RI-1780,2025-09-15,1000,
RI-1778,2025-09-15,1000,
RI-1779,2025-09-15,1000,
RI-1782,2025-10-15,1000,
RI-1781,2025-10-15,1000,
RI-1784,2025-11-15,1000,
RI-1785,2025-11-15,1000,
